,ols,ols__decile,ols__neutral,ols__neutral__decile,ridge,ridge__decile,ridge__neutral,ridge__neutral__decile,gbm,gbm__decile,gbm__neutral,gbm__neutral__decile,composite,composite__decile,composite__neutral,composite__neutral__decile
days,2515,2515,2515,2515,2515,2515,2515,2515,2515,2515,2515,2515,2515,2515,2515,2515
first_date,2014-01-03,2014-01-03,2014-01-03,2014-01-03,2014-01-03,2014-01-03,2014-01-03,2014-01-03,2014-01-03,2014-01-03,2014-01-03,2014-01-03,2014-01-03,2014-01-03,2014-01-03,2014-01-03
last_date,2023-12-29,2023-12-29,2023-12-29,2023-12-29,2023-12-29,2023-12-29,2023-12-29,2023-12-29,2023-12-29,2023-12-29,2023-12-29,2023-12-29,2023-12-29,2023-12-29,2023-12-29,2023-12-29
mean_rank_ic,0.024222409196834292,0.024222409196834292,0.011444999990112118,0.011444999990112118,0.024328102422445905,0.024328102422445905,0.011506160993480908,0.011506160993480908,0.03027305373346328,0.03027305373346328,0.008000354772286574,0.008000354772286574,0.035383178584314216,0.035383178584314216,0.0133208768196946,0.0133208768196946
rank_ic_hac_t,2.7359254626734515,2.7359254626734515,2.4650719995817774,2.4650719995817774,2.7451969075194946,2.7451969075194946,2.4780842917897963,2.4780842917897963,3.431333687351462,3.431333687351462,1.6359393652002248,1.6359393652002248,3.1983522214595577,3.1983522214595577,2.0687676104731527,2.0687676104731527
mean_gross_exposure,0.6987964200316237,0.9380466981192968,0.6401922762132942,0.886356660461989,0.6985467791897523,0.9379891654203738,0.6394598103172944,0.8857446543415787,0.826456898804804,0.965656693606115,0.8057556895542265,0.9440723396843763,0.8971548683063951,0.9831298879578496,0.849589479537964,0.9785268147437417
annual_turnover,6.807772633755451,9.607883048027656,7.268699344411538,9.892366826404912,6.81067919694872,9.613125626252794,7.274532608913621,9.89790166173546,5.465518738392725,8.102893028953874,5.605404489924419,8.008528438929487,5.642751407295469,8.273971898209348,5.715670990769188,8.433599883386373
breakeven_bp,3.335457985486695,4.208195276648142,4.34652405704095,4.893828557732946,3.4039755804214202,4.388204103317172,4.399233263371818,4.9023405494377705,5.350638283239915,5.903015607639343,1.739783537358867,5.725419955107872,22.17844941848385,20.90612910646605,12.903628669464407,17.522116592337774
gross_return_annualised_return,0.004541407918927482,0.008086369612259546,0.006318715312776508,0.009682309455726078,0.004636677134499522,0.008436871463765195,0.006400473165723155,0.00970457693413465,0.005848802759881848,0.009566300803389348,0.0019504380903615961,0.009170437707059156,0.025029495333556223,0.03459534494544732,0.014750579212343065,0.029554904089964452
gross_return_annualised_volatility,0.05424997976077773,0.08449407144902174,0.02799552034123482,0.046638274663731154,0.05434480784529614,0.08462489344393635,0.02798955721416243,0.04665623348587588,0.05938554451001597,0.09636458244434257,0.027234146964668735,0.04756178614880451,0.08430270958436215,0.11644519393766777,0.041173405292117,0.06085522485706213
gross_return_sharpe,0.08371261959826355,0.09570339638726415,0.22570451399932093,0.20760436627505968,0.08531959755380485,0.0996972772480309,0.2286736126888275,0.20800172257952393,0.09848866097195402,0.09927195823127831,0.07161737405955579,0.19281104537092034,0.2969002474174223,0.2970955157150234,0.35825502184457864,0.48565927016757493
gross_return_hit_rate,0.49582504970178926,0.4978131212723658,0.49582504970178926,0.4962226640159046,0.4962226640159046,0.4970178926441352,0.49662027833001987,0.49940357852882705,0.5057654075546719,0.5125248508946322,0.509741550695825,0.5184890656063619,0.5308151093439364,0.5272365805168986,0.5415506958250497,0.5359840954274354
gross_return_max_drawdown,-0.20611586718829866,-0.2983526144593378,-0.1181499180664135,-0.187620816700506,-0.20624952841991617,-0.2989668863052012,-0.11800253554686635,-0.187185716664087,-0.21600151409179658,-0.31324899533299877,-0.11928724365747156,-0.196116718499468,-0.22851677349940158,-0.32463458002115153,-0.11707666284360829,-0.1707187966489625
gross_return_market_beta,-0.13519793642337313,-0.20568249659846843,-0.03049069994571552,-0.04673383987977008,-0.13553945417263344,-0.20626507111376863,-0.03042905549007406,-0.04669508027370544,-0.13849895119917197,-0.22016828037683217,0.016633805919691703,-0.0054511734303646425,-0.18720215902390644,-0.2658486804392554,-0.038016604471176586,-0.05657445578145078
net_return_1bp_annualised_return,0.003180670396918524,0.006166515157572692,0.0048676846132352,0.007708269161242676,0.0032753553513395453,0.0065162587178225545,0.004948301313547319,0.007728823390164237,0.004758903026440191,0.007950832873047035,0.0008288423886736669,0.0075709124615911845,0.02391016867494682,0.03295588163823162,0.013612079966610891,0.027883892971226263
net_return_1bp_annualised_volatility,0.054260771548794794,0.08451081608657517,0.028001117689722375,0.04664737680264426,0.05435561683929777,0.0846416685318597,0.027995152164411067,0.04666534073109213,0.05939764634117241,0.09638401930520427,0.027239783246319618,0.04757136476430627,0.08431948562348847,0.11646822415879099,0.041181661182794455,0.06086729986193758
net_return_1bp_sharpe,0.058618230189710074,0.07296717086787503,0.1738389398299573,0.165245501239112,0.06025790050406612,0.07698641615707034,0.17675564985275788,0.1656223498870691,0.08011938720779722,0.08249119439468872,0.030427642583597002,0.15914852346787808,0.28356634884743986,0.2829602827402956,0.3305374182500916,0.4581095766441749
net_return_1bp_hit_rate,0.49502982107355864,0.49582504970178926,0.495427435387674,0.495427435387674,0.49582504970178926,0.495427435387674,0.495427435387674,0.49582504970178926,0.5053677932405567,0.512127236580517,0.5065606361829026,0.5168986083499006,0.530417495029821,0.5256461232604374,0.5395626242544732,0.5347912524850894
net_return_1bp_max_drawdown,-0.20700442172078726,-0.2994887495892792,-0.11972177004828577,-0.18962179084715203,-0.20713786892992447,-0.3001025099384199,-0.11957535575451095,-0.18918874034976751,-0.21683414329619888,-0.3150806911808678,-0.1223126917676115,-0.1968920087376258,-0.22979425889798444,-0.3262975695565141,-0.11786172171361242,-0.17181938446558231
net_return_1bp_market_beta,-0.1351983855887562,-0.20568362297482046,-0.03049072313041911,-0.046733583462055285,-0.13553990078699352,-0.20626623475150574,-0.03042907670313093,-0.046694839309990396,-0.13849955452225982,-0.22016905349631047,0.016633373933571848,-0.0054513200241442985,-0.18720214340727956,-0.2658489606472113,-0.03801654288296158,-0.05657422983076815
net_return_5bp_annualised_return,-0.002265547710085838,-0.0015197912808494344,-0.0009472748622940345,-0.00020562429988125265,-0.00217318800621943,-0.001174241783179679,-0.0008713247735835801,-0.00018949793922413218,0.000386488035726019,0.0014685184498839246,-0.003655481203265866,0.001164089710447592,0.019395967549110445,0.026336704119664118,0.009039543173995536,0.021137013064517166
net_return_5bp_annualised_volatility,0.05426078000340138,0.08451056922064532,0.028001246605921126,0.046646696019118,0.05435561863209584,0.08464143958357113,0.02799527634175009,0.04666466394816657,0.05939880944410629,0.09638509854603042,0.02724067090954639,0.04757184705097621,0.08431952941025653,0.11646772622513367,0.04118193594862306,0.06086726141743095
net_return_5bp_sharpe,-0.0417529513940607,-0.017983446270270306,-0.03382973892647066,-0.004408121419724523,-0.03998092673599356,-0.013873131044992278,-0.03112399259599916,-0.00406084439897863,0.00650666300121218,0.015235949042295244,-0.13419204010811706,0.024470139013105737,0.23002936193748663,0.22612877380944932,0.21950262817350094,0.347264072217056
net_return_5bp_hit_rate,0.4914512922465209,0.4922465208747515,0.49025844930417495,0.49025844930417495,0.49304174950298213,0.4906560636182903,0.48986083499005967,0.4906560636182903,0.5013916500994036,0.510934393638171,0.5029821073558648,0.5125248508946322,0.530417495029821,0.5248508946322068,0.5343936381709742,0.532803180914513
net_return_5bp_max_drawdown,-0.21054875260496653,-0.3059765703677291,-0.12598129886992493,-0.1975766765508289,-0.21068134682072404,-0.30629286148670076,-0.12583872780988392,-0.1971517501076131,-0.22018658228974408,-0.32235887656783657,-0.13431105096936313,-0.1999924653259011,-0.23488314046633252,-0.33290879133633466,-0.12099501876509111,-0.17620722309421433
net_return_5bp_market_beta,-0.13520018377656487,-0.2056881331151505,-0.030490828400065735,-0.046732578352131765,-0.13554168875037345,-0.2062708953277429,-0.030429174210371092,-0.04669389309050708,-0.13850198080289072,-0.2201721667050313,0.01663164817644237,-0.005451916825819186,-0.18720212211228096,-0.2658501507224227,-0.03801631822127333,-0.056573400836181
net_return_10bp_annualised_return,-0.00907332034384129,-0.011127674328877088,-0.008215974206705574,-0.010097991126286166,-0.008983867203168145,-0.010787367409432466,-0.008145857382497203,-0.010087399600959588,-0.005079030702666704,-0.006634374579069939,-0.00926088569319029,-0.006844438728481892,0.013753216141814972,0.01806273222145478,0.00332387218322635,0.01270341318113079
net_return_10bp_annualised_volatility,0.05426081809790838,0.08451028938172438,0.028001436167176413,0.046645881411711144,0.054355648352023236,0.08464118206829933,0.027995459998821887,0.04666385437028076,0.059400286487671726,0.09638647374393561,0.027241813777136924,0.04757248289235233,0.08431959785145415,0.11646711711880625,0.04118229258206874,0.06086723157610611
net_return_10bp_sharpe,-0.1672167995600318,-0.13167242013116906,-0.2934126006128367,-0.2164819448293438,-0.16527936793221504,-0.12744821310184254,-0.2909706567722052,-0.21617159013302692,-0.08550515499148031,-0.06883097100009178,-0.3399511416146094,-0.14387390172528064,0.16310817997547875,0.1550886865605961,0.08071119830452576,0.20870693232116064
net_return_10bp_hit_rate,0.48906560636182905,0.4850894632206759,0.4775347912524851,0.4823061630218688,0.4882703777335984,0.48548707753479126,0.47634194831013915,0.48190854870775346,0.4978131212723658,0.5085487077534792,0.49304174950298213,0.504572564612326,0.5292246520874752,0.5228628230616302,0.5288270377733598,0.5292246520874752
net_return_10bp_max_drawdown,-0.21678020903057338,-0.3144456497447641,-0.13374335126398795,-0.20741090560911368,-0.21695112678273065,-0.3147618910721216,-0.13360551804862553,-0.20699596929630826,-0.22880971168073538,-0.33979648614739966,-0.14907891915040505,-0.20519221715942215,-0.24119711681976497,-0.3410819071906226,-0.12489607434989836,-0.18165951064002894
net_return_10bp_market_beta,-0.13520243151132572,-0.20569377079056306,-0.03049095998712401,-0.04673132196472734,-0.13554392370459847,-0.2062767210480395,-0.030429296094421267,-0.04669271031615294,-0.13850501365367926,-0.2201760582159325,0.016629490980030533,-0.005452662827912811,-0.18720209549353292,-0.26585163831643693,-0.03801603739416302,-0.056572364592947004
net_return_20bp_annualised_return,-0.02268886561135218,-0.030343440424932405,-0.02275337289552865,-0.029882724779095985,-0.022605225597065584,-0.03001361866193806,-0.02269492260032444,-0.029883202924430516,-0.016010068179452164,-0.02284016063697769,-0.02047169467303913,-0.02286149560634087,0.002467713327224041,0.0015147884250360844,-0.008107469798312025,-0.004163786585641954
net_return_20bp_annualised_volatility,0.054260986040781264,0.0845098255166844,0.0280019100071513,0.04664437344482725,0.05435579938806153,0.0846407626057822,0.02799592209514067,0.046662356558292845,0.05940331778379553,0.09638931129123411,0.02724421045631508,0.04757386451288704,0.08431978042615794,0.11646594327617482,0.04118304976803001,0.06086723260790818
net_return_20bp_sharpe,-0.41814326032150934,-0.3590522195427067,-0.8125650318038218,-0.6406501486067214,-0.4158751384683066,-0.3546000501168416,-0.8106510127867395,-0.6404134966286796,-0.269514713601056,-0.23695740047324976,-0.7514144961500945,-0.48054737281534143,0.029266126106496596,0.013006277907732032,-0.19686424011768489,-0.06840768681671547
net_return_20bp_hit_rate,0.47992047713717695,0.4775347912524851,0.4524850894632207,0.46600397614314115,0.4815109343936382,0.4775347912524851,0.45208747514910536,0.4644135188866799,0.49383697813121274,0.5049701789264414,0.4827037773359841,0.4934393638170974,0.5240556660039761,0.5208747514910537,0.5157057654075546,0.5157057654075546
net_return_20bp_max_drawdown,-0.2631218216509227,-0.3615726209902572,-0.2061900996330175,-0.28237256511910325,-0.2633245634876694,-0.3609220387002353,-0.205725713323743,-0.2821339794682769,-0.2746899052748344,-0.4032551457770247,-0.20913730523259744,-0.27981745857509754,-0.2536696139309157,-0.357129764867115,-0.13264658814242813,-0.19390086391630335
net_return_20bp_market_beta,-0.1352069269808475,-0.205705046141388,-0.03049122316124058,-0.046728809189918494,-0.13554839361304852,-0.20628837248863244,-0.030429539862521646,-0.046690344767444616,-0.13851107935525644,-0.22018384123773466,0.01662517658720684,-0.005454154832100052,-0.18720204225603673,-0.2658546135044654,-0.03801547573994241,-0.05657029210647905
gross_return_hac_t,0.25955179379288695,0.29434186553884617,0.6699683241993111,0.6243029424941781,0.26460953131914866,0.30634984236723495,0.6785534015601207,0.6255201543136603,0.31548475325257064,0.32068375842063646,0.22154447754130052,0.5905987549525732,1.0050458394587674,0.9926069381716218,1.1697391030274982,1.529001206895041
exposure_mom_120_20,0.12957778825924604,0.18361637727529326,0.10742383287463579,0.15405789379441753,0.13070714760818905,0.18576591812706017,0.10843911756366091,0.15615388942675207,0.1057024508908576,0.20301977475432625,0.07732063170878431,0.18081213965689522,0.468025395283512,0.6185795386989983,0.4082131370118167,0.583503166657925
exposure_rev_5,0.035022360429907834,0.05396130351432457,0.03221238669725874,0.048294107192349466,0.035076756666709404,0.054006628219099746,0.032276620440409846,0.048437407851950144,0.021418551798386882,0.029752386650752645,0.01653437257877571,0.025443853096799557,0.017952135728457268,0.029185775103073044,0.013927617699435542,0.02459415659760424
exposure_rvol_20,-0.23727239872067107,-0.35781178911932654,-0.09835723533476624,-0.15760242173730807,-0.23801221832749994,-0.3590302879019501,-0.09872643320073475,-0.15834520632265778,-0.3241295755268755,-0.44832068383051843,-0.09321289423506122,-0.17963547996741216,-0.2885073849616365,-0.3977113262340152,-0.11009926239642034,-0.17392282186041969
exposure_vs_20,0.04516135295495839,0.06820267307128351,0.026564835218125478,0.042815472282349276,0.0454228947705676,0.06862275090381201,0.02678150983593417,0.04319361353302651,0.05741844725159686,0.08014843108115399,0.024859232538891083,0.04925173305218247,0.06168688208399035,0.08318915771916541,0.033980833469092225,0.055985017803888946
exposure_rmom_120_20,0.16428780404668875,0.25812698484307295,0.1592953172439877,0.2524129376543232,0.16417651813170486,0.2580550963976723,0.15919797398495925,0.2525062503877619,0.08344081597820442,0.13803877491344363,0.07970112898481461,0.15395075537136194,0.35212436965781696,0.47464472239908134,0.3297975111079291,0.47438801456339574
exposure_dd_252,0.2279212126790073,0.33886516967422864,0.13844928303171966,0.21244835059259315,0.22849628579192433,0.34000294504813033,0.13873093720412613,0.2132329859541338,0.24660513098603307,0.3855447559783585,0.09550479323428956,0.20691515081151318,0.389405745767819,0.5071368818601442,0.25454918933526804,0.3696991614022028
exposure_beta_252,-0.15654515259674157,-0.2314308568907331,-0.0011255467684826825,0.00863691451215779,-0.15691164851582792,-0.23201222117788803,-0.0011330610112318742,0.008611938427437404,-0.17704830623985215,-0.2516270202913377,0.06443688348284032,0.06740111196716558,-0.16829275864158705,-0.23252090287413416,-0.0009988137804013148,0.014107200279471217
exposure_log_mcap,0.11524407934668078,0.1764434397347313,0.004030292442274397,0.013547748235756139,0.11563805307106219,0.17711498224729155,0.004087131578529154,0.01379059762897191,0.15345351756028583,0.2240649813137467,-0.03936598554394824,-0.004994086318579364,0.14829905011622072,0.2019923465296621,0.00952226747378753,0.017385831997136406
exposure_sector,0.16843416032467332,0.25150445563127155,0.027498690863607816,0.05400384008870515,0.16867191586584349,0.2518616182109739,0.027521453587741676,0.05407795222187834,0.21405476774349644,0.3046049067563515,0.07567624156633167,0.11234925866334258,0.21431604117157493,0.2797643667147978,0.034334949996103106,0.08135149352707746
