,mom_120_20,rev_5,rvol_20,vs_20,rmom_120_20,dd_252,composite,mom_120_20__decile,rev_5__decile,rvol_20__decile,vs_20__decile,rmom_120_20__decile,dd_252__decile,composite__decile
signal,signal_mom_120_20,signal_rev_5,signal_rvol_20,signal_vs_20,signal_rmom_120_20,signal_dd_252,signal_composite,decile_mom_120_20,decile_rev_5,decile_rvol_20,decile_vs_20,decile_rmom_120_20,decile_dd_252,decile_composite
days,4508,4508,4508,4508,4508,4508,4508,4508,4508,4508,4508,4508,4508,4508
first_date,2006-02-02,2006-02-02,2006-02-02,2006-02-02,2006-02-02,2006-02-02,2006-02-02,2006-02-02,2006-02-02,2006-02-02,2006-02-02,2006-02-02,2006-02-02,2006-02-02
last_date,2023-12-29,2023-12-29,2023-12-29,2023-12-29,2023-12-29,2023-12-29,2023-12-29,2023-12-29,2023-12-29,2023-12-29,2023-12-29,2023-12-29,2023-12-29,2023-12-29
mean_positions,1731.7295918367347,1731.7295918367347,1731.7295918367347,1731.7295918367347,1731.7295918367347,1731.7295918367347,1731.7295918367347,1731.7295918367347,1731.7295918367347,1731.7295918367347,1731.7295918367347,1731.7295918367347,1731.7295918367347,1731.4622892635316
mean_gross_exposure,0.9460357561161271,0.4377424619869672,0.9290254796117801,0.3932289957442317,0.9322707552095766,0.960025215304919,0.8997467434035434,0.8666999666907584,0.38492997209945434,0.8405678029587709,0.3776903218531055,0.8358777130047103,0.9190161709868009,0.9856614231399297
mean_net_exposure,-0.002018026190346046,5.860260662234312e-05,-0.0025001092853500716,0.000548074092050221,-0.0014790065286373764,-0.002465558302491481,-0.0026215305049925087,-0.0010115339555184656,-0.00021069355385663078,-0.0038111734626698145,0.0011099591181188192,-0.0006840261142467864,-0.0011212305461785446,-0.004819136007244243
max_abs_net_exposure,0.008848606677809847,0.005075104635457347,0.011185928641407411,0.005823934784056729,0.007828313796278286,0.009767038657199995,0.011271520676885305,0.0046354488989749035,0.0046630982245421775,0.016462897151012564,0.009448347483337042,0.004422183828800016,0.005763085644683421,0.02161916164352579
largest_position,0.002341159386214084,0.0017058643786514154,0.002992010393058632,0.0020969752824452383,0.002108190272938806,0.0025280204471867266,0.0035389275075555842,0.006529143318458726,0.003152252652223947,0.0024868054545789083,0.006591795202420809,0.005188522471387226,0.008424120606952409,0.004090154939392643
cap,0.01,0.01,0.01,0.01,0.01,0.01,0.01,0.01,0.01,0.01,0.01,0.01,0.01,0.01
cap_binds,False,False,False,False,False,False,False,False,False,False,False,False,False,False
mean_daily_turnover,0.0161053983476299,0.034039455919737074,0.020202491046024514,0.03597041350220673,0.01783103565152368,0.014185073855422118,0.022506775384451404,0.013895382844712308,0.028017564360077383,0.01701459616249383,0.028162643135722414,0.015281104479917934,0.010398915772817229,0.032825968390014275
annual_turnover_multiple,4.058560383602735,8.577942891773743,5.091027743598177,9.064544202556096,4.493420984183968,3.5746386115663737,5.671707396881754,3.501636476867502,7.060426218739501,4.287678232948445,7.096986070202048,3.8508383289393193,2.6205267747499414,8.272144034283597
positions_without_return_per_day,0.012644188110026619,0.012644188110026619,0.012644188110026619,0.012644188110026619,0.012644188110026619,0.012644188110026619,0.012644188110026619,0.012644188110026619,0.012644188110026619,0.012644188110026619,0.012644188110026619,0.012644188110026619,0.012644188110026619,0.012644188110026619
gross_return_annualised_return,-0.0004326347327250484,0.010974262414476976,0.007955064346900116,0.005725210044279982,-0.002578024425660968,0.001632289678499511,0.00991214666280843,0.0024270816771620276,0.010607567420650105,0.001811265090640829,0.008085849918517005,-0.0007377914208195946,0.0007001635011966114,0.016708085300325224
gross_return_annualised_volatility,0.07692778172658914,0.03401968682584258,0.09879230763294156,0.013325536697569501,0.04921630340680834,0.09744688357271217,0.08217680876383368,0.06803233166416245,0.026236910252617436,0.07396984385299216,0.013378194621642123,0.04379698401053223,0.08487891482830084,0.11343100228218093
gross_return_sharpe,-0.0056239075534855,0.3225856390347641,0.08052311498236082,0.4296419854762193,-0.052381512775385254,0.016750558033818926,0.12061975649717374,0.0356754151708804,0.40429941325091345,0.024486533921046827,0.6044051643139049,-0.01684571295233872,0.008248968576152893,0.14729734344373263
gross_return_hit_rate,0.5268411712511092,0.4906832298136646,0.4953416149068323,0.5113132209405501,0.5135314995563443,0.5226264418811003,0.5277284826974268,0.5232919254658385,0.5015527950310559,0.49157054125998223,0.5124223602484472,0.5150842945874001,0.5237355811889973,0.5259538598047915
gross_return_max_drawdown,-0.31301205035004886,-0.08259806745803289,-0.37898140173086725,-0.048779539539640204,-0.20224293681844618,-0.4359496798856901,-0.3250550291288853,-0.2804878963018065,-0.07005057932044034,-0.3274625926577289,-0.046389403012652486,-0.19552397977358893,-0.41142478892594614,-0.41111240117061254
gross_return_market_beta,-0.11143217367113221,0.04683361056433847,-0.3395725552819513,0.0035363678155457055,-0.056040373568053525,-0.27918853031820295,-0.22536750706429243,-0.13424030777775947,-0.003884494640497844,-0.2669249601300102,0.005877175818399777,-0.08414792258887423,-0.23336552094900206,-0.3146818379581906
net_return_1bp_annualised_return,-0.001243611456162493,0.009258330770118702,0.006931352255573244,0.003911219576348848,-0.003479838778081384,0.000917924183597305,0.008774820744994808,0.0017258521568578428,0.009196254014426914,0.0009466480097810539,0.006663138321705255,-0.0015120894131174683,0.00017460213272255129,0.015050061684431858
net_return_1bp_annualised_volatility,0.07693631509482185,0.03402359473001662,0.09880325092979392,0.013327070740443326,0.049221780648638885,0.09745752542053336,0.08218586330240275,0.0680399377680863,0.02623985880721723,0.0739780379729337,0.013379747955978898,0.0438018792594831,0.08488842764602209,0.11344344873109231
net_return_1bp_sharpe,-0.016164167137843514,0.27211500852820614,0.07015307887488861,0.2934793138359781,-0.07069713310295717,0.009418710147178716,0.10676800598550469,0.02536528123732857,0.35046888331188353,0.012796338423133139,0.4980017817695702,-0.03452110819629049,0.002056842582249587,0.13266576301031455
net_return_1bp_hit_rate,0.5263975155279503,0.4866903283052351,0.49489795918367346,0.5044365572315883,0.5124223602484472,0.5217391304347826,0.5272848269742679,0.5228482697426797,0.4993345164152618,0.49112688553682343,0.5088731144631766,0.5130878438331854,0.5235137533274179,0.524622892635315
net_return_1bp_max_drawdown,-0.31520413201426445,-0.08296022464127772,-0.3866709161755695,-0.06287554183350752,-0.20709408375541027,-0.4411018577715503,-0.326706612411201,-0.2807218702969817,-0.0701817233961246,-0.33467595737986133,-0.049313784296408314,-0.1991806122063805,-0.4121745163417294,-0.41316998084177947
net_return_1bp_market_beta,-0.11144523644952814,0.04683852165170897,-0.3396090299823242,0.003536936392110988,-0.05604635804747769,-0.27921954124007414,-0.22539262158228676,-0.1342557402163476,-0.003885446687861611,-0.2669529638363029,0.005878814675280396,-0.08415672171636643,-0.23339140987858586,-0.31471653770756003
net_return_5bp_annualised_return,-0.0044904597630446765,0.0023959764566997086,0.0028585300606947164,-0.0033404157856960284,-0.007074575565428558,-0.0019417867056557908,0.004237454827489401,-0.0010754570246361617,0.003547913039435314,-0.0024834945765777007,0.000985549465543615,-0.004592760076268922,-0.0019218192870774052,0.00843234645700499
net_return_5bp_annualised_volatility,0.07693631283440848,0.03402414668205182,0.09880319356082773,0.013327309267002978,0.04922186040139919,0.09745685391647999,0.08218561917637973,0.06804017589753393,0.02624002904763336,0.07397801722965683,0.013380069025099571,0.043802045483945916,0.08488881663185989,0.11344289997951026
net_return_5bp_sharpe,-0.058365934077313796,0.07041988382808194,0.028931555324017696,-0.2506444263259162,-0.14372832533626573,-0.019924578186362264,0.05155956565096064,-0.0158062058254488,0.13520995091106072,-0.033570710186351146,0.07365802550755383,-0.10485263931229502,-0.022639251709819706,0.0743311962099701
net_return_5bp_hit_rate,0.5239574090505768,0.4787045252883762,0.49356699201419696,0.4793700088731145,0.5088731144631766,0.5199645075421473,0.5259538598047915,0.5204081632653061,0.4877994676131322,0.49001774622892635,0.4895740905057675,0.5093167701863354,0.5224046140195209,0.5226264418811003
net_return_5bp_max_drawdown,-0.33364892817630876,-0.08443585250949515,-0.4164888648445101,-0.13726210123943183,-0.23347840378789653,-0.46124438573090754,-0.3332727059655831,-0.3009582620610638,-0.07370515271221201,-0.3627642380672387,-0.09635367181233012,-0.2136418019791806,-0.4187349623850364,-0.4304118525144448
net_return_5bp_market_beta,-0.11144690447818698,0.04683687580928785,-0.3396077847315718,0.0035366491944542017,-0.056048019618935865,-0.2792180078755307,-0.22539481758381674,-0.13425814908170675,-0.0038868173326376014,-0.2669518017977518,0.005879742571806144,-0.08415795414913109,-0.23339173961943974,-0.3147176156856551
net_return_10bp_annualised_return,-0.008549020146647417,-0.006181966435074035,-0.0022324976829034646,-0.012404959988252124,-0.011567996549612526,-0.005516425317222164,-0.0014342525693923484,-0.00457709350150366,-0.0035125131793041853,-0.006771172809526149,-0.006111436604658432,-0.008443598405208242,-0.0045423460618273515,0.00016020242272139776
net_return_10bp_annualised_volatility,0.07693632512895923,0.03402487959921239,0.09880313367414605,0.013327637709133533,0.04922197637436238,0.0974560384898492,0.0821853279950424,0.06804049142541252,0.026240286589624254,0.0739780102196136,0.013380506287707929,0.04380227490870085,0.08488932190296555,0.11344222581499458
net_return_10bp_sharpe,-0.11111812440115526,-0.18168959032017074,-0.02259541372712195,-0.9307695976572736,-0.23501690508383977,-0.056604243335796396,-0.01745144302981751,-0.06727014172907865,-0.13385955855730167,-0.09152953410648676,-0.4567418058218571,-0.19276620729876773,-0.053509039299660936,0.0014121939301743013
net_return_10bp_hit_rate,0.520851818988465,0.4660603371783496,0.49157054125998223,0.45164152617568765,0.5066548358473825,0.518189884649512,0.5241792369121562,0.5166370896184561,0.4764862466725821,0.4877994676131322,0.4696095829636202,0.5053238686779059,0.521960958296362,0.5201863354037267
net_return_10bp_max_drawdown,-0.36388406775688287,-0.15642580246481053,-0.4517317011349081,-0.23687448738059314,-0.27488324203692904,-0.48540511511528317,-0.37307220333208657,-0.32828960797253814,-0.09647600770969933,-0.3962134709166685,-0.17178530568460537,-0.24701347595744672,-0.43768071706721956,-0.4849790854618793
net_return_10bp_market_beta,-0.11144898951401058,0.04683481850626141,-0.3396062281681312,0.0035362901973832166,-0.05605009658325855,-0.2792160911698514,-0.22539756258572938,-0.13426116016340564,-0.00388853063860758,-0.26695034924956323,0.005880902442463347,-0.08415949469008688,-0.23339215179550704,-0.31471896315827397
net_return_20bp_annualised_return,-0.016666140913852892,-0.023337852218621516,-0.012414553170099827,-0.030534048393364314,-0.02055483851798046,-0.012665702540354913,-0.01277766736315585,-0.011580366455238663,-0.01763336561678319,-0.015346529275423038,-0.02030540874506253,-0.01614527506308688,-0.009783399611327221,-0.016384085645845797
net_return_20bp_annualised_volatility,0.07693640011824203,0.0340264886786338,0.09880305331595465,0.013328395530088218,0.04922226259315567,0.09745448748388835,0.08218479222028911,0.0680411820336639,0.026240950805957387,0.07397805926303908,0.013381500551672436,0.04380280590398438,0.08489039590641809,0.11344091673671698
net_return_20bp_sharpe,-0.21662231256257156,-0.6858730690385934,-0.1256494890942316,-2.29090203126364,-0.4175923136218976,-0.12996530860058003,-0.15547483929759703,-0.17019643264735154,-0.6719789136901225,-0.20744703805835676,-1.5174238992595444,-0.3685899734020984,-0.11524742589388201,-0.14442836074633753
net_return_20bp_hit_rate,0.5159716060337178,0.4387755102040816,0.4880212954747116,0.4035048802129547,0.4968944099378882,0.5137533274179237,0.515527950310559,0.5108695652173914,0.45652173913043476,0.481810115350488,0.42812777284826975,0.4975598935226264,0.5197426796805679,0.514418811002662
net_return_20bp_max_drawdown,-0.4203022242332902,-0.34934248741195206,-0.5159620110816809,-0.42263096235451936,-0.35110603256718165,-0.5305256505986349,-0.4538417717098825,-0.37978929546906404,-0.2756423055129621,-0.4579382942839626,-0.32419328468448716,-0.31051301911459805,-0.4737403753137054,-0.5789357316549972
net_return_20bp_market_beta,-0.11145315958565791,0.04683070390020851,-0.3396031150412502,0.003535572203241253,-0.056054250511903964,-0.27921225775849284,-0.22540305258955437,-0.1342671823268036,-0.003891957250547559,-0.2669474441531858,0.0058832221837777495,-0.08416257577199855,-0.2333929761476415,-0.3147216581035115
exposure_mom_120_20,0.6040516652959489,-0.02315922200804248,0.08111256215627412,0.014609543316548406,0.44648302400011963,0.42684046542948445,0.5083859942271552,0.4730877548960826,-0.006468003284951235,0.06033659825460749,0.015453621739574935,0.3476165040519758,0.3512846976964966,0.6743746011999964
exposure_rev_5,0.001248979367256751,0.06178567816962682,0.01034336431344343,0.009387441600073057,-0.000324101656551567,-0.009343104824475212,0.024370222443235924,0.004043613440763179,0.04728265209786708,0.0050551765318495034,0.010008300461588996,0.002200600801694739,-0.00036263029611790685,0.03763227658840267
exposure_rvol_20,-0.056735056900736665,-0.0011195336637721963,-0.5539107068657827,0.021543910190364203,-0.03844219106620794,-0.3192362746026638,-0.3098323797901527,-0.13113067439319465,-0.09352518425148355,-0.43150470620394565,-0.010940675151904796,-0.096220507990574,-0.2897166352063719,-0.42518365321175383
exposure_vs_20,0.006823481300337298,0.004236642155018276,0.1022319001835374,0.0438120039191649,-0.00034056563299871744,0.039291058646277466,0.06550288713846128,0.02033234747731728,0.021950444147878126,0.06473170642202529,0.05523457056529397,0.011357195324567112,0.04075931975677008,0.08689908886324049
exposure_rmom_120_20,0.39435511133979667,-0.016326952180568316,0.04565607090978153,0.00699643068140431,0.5551374745200206,0.20811054428665687,0.39532496509929416,0.30333336625024687,-0.006154885484507358,0.038331542287128276,0.007962679724171376,0.42757317472397266,0.15625832684082844,0.5327396593725241
exposure_dd_252,0.32362058056536,-0.12310165419308955,0.3213999538846091,0.03647002419914639,0.16708719645644976,0.5902363881108736,0.4265009212459808,0.3195887027906707,-0.044243015408863655,0.25059789715313,0.045369270321340235,0.1785535062700976,0.49347931205382245,0.556768480900558
